{
  "clean_gcn": [
    83.5010060362173,
    0.46284955539377376
  ],
  "budgets": {
    "253": {
      "requested": 253,
      "added": 253,
      "jaccard_recall_on_evasion": 0.0,
      "gcn": [
        82.78001341381623,
        0.753221912985116
      ],
      "jaccard": [
        81.40509725016769,
        0.3444439735777022
      ]
    },
    "503": {
      "requested": 503,
      "added": 503,
      "jaccard_recall_on_evasion": 0.0,
      "gcn": [
        81.37156270959088,
        0.4795556554686502
      ],
      "jaccard": [
        79.54393024815559,
        0.15549326786545367
      ]
    }
  }
}