{
  "timestamp_utc": "2026-07-02T08:11:13.784488+00:00",
  "dataset": "cora",
  "split": "nettack",
  "attack": "Meta-Self",
  "attack_seed": 15,
  "seeds": [
    0,
    1,
    2
  ],
  "ptb": [
    0.05,
    0.1
  ],
  "jaccard_threshold": 0.01,
  "remove_budget": 253,
  "results": {
    "svd": {
      "0.0": {
        "mean": 0.7759892689470155,
        "std": 0.004134415830294396,
        "accs": [
          0.7706237424547284,
          0.7766599597585513,
          0.7806841046277666
        ]
      },
      "0.05": {
        "mean": 0.7719651240778002,
        "std": 0.001442375128612109,
        "accs": [
          0.7736418511066399,
          0.7721327967806841,
          0.7701207243460765
        ]
      },
      "0.1": {
        "mean": 0.7528504359490275,
        "std": 0.005956512296556502,
        "accs": [
          0.7600603621730382,
          0.7454728370221329,
          0.7530181086519114
        ]
      }
    }
  }
}