{
  "timestamp_utc": "2026-06-29T03:36:23.523766+00:00",
  "dataset": "citeseer",
  "split": "nettack",
  "attack": "Meta-Self",
  "attack_seed": 15,
  "seeds": [
    0,
    1,
    2
  ],
  "ptb": [
    0.05,
    0.1
  ],
  "jaccard_threshold": 0.01,
  "remove_budget": 183,
  "results": {
    "gcn": {
      "0.0": {
        "mean": 0.7184044233807267,
        "std": 0.005831288728370233,
        "accs": [
          0.7191943127962085,
          0.7109004739336493,
          0.7251184834123223
        ]
      },
      "0.05": {
        "mean": 0.6994470774091627,
        "std": 0.01737532299167376,
        "accs": [
          0.6765402843601895,
          0.7031990521327014,
          0.7186018957345972
        ]
      },
      "0.1": {
        "mean": 0.6769352290679305,
        "std": 0.008936578593194902,
        "accs": [
          0.6706161137440758,
          0.6706161137440758,
          0.6895734597156398
        ]
      }
    },
    "dropedge": {
      "0.0": {
        "mean": 0.7164296998420221,
        "std": 0.006777647038598139,
        "accs": [
          0.7097156398104265,
          0.7138625592417062,
          0.7257109004739336
        ]
      },
      "0.05": {
        "mean": 0.6966824644549763,
        "std": 0.016310307935943406,
        "accs": [
          0.6795023696682464,
          0.6919431279620853,
          0.7186018957345972
        ]
      },
      "0.1": {
        "mean": 0.6765402843601895,
        "std": 0.008433711099550824,
        "accs": [
          0.6718009478672986,
          0.669431279620853,
          0.6883886255924171
        ]
      }
    },
    "jaccard": {
      "0.0": {
        "mean": 0.7199842022116903,
        "std": 0.005393562513328455,
        "accs": [
          0.7174170616113744,
          0.715047393364929,
          0.7274881516587678
        ]
      },
      "0.05": {
        "mean": 0.7097156398104265,
        "std": 0.007125441766456802,
        "accs": [
          0.7079383886255924,
          0.7020142180094787,
          0.7191943127962085
        ]
      },
      "0.1": {
        "mean": 0.684044233807267,
        "std": 0.007514335541248217,
        "accs": [
          0.6812796208530806,
          0.6765402843601895,
          0.6943127962085308
        ]
      }
    },
    "fosr": {
      "0.0": {
        "mean": 0.7122827804107426,
        "std": 0.008452185844799651,
        "accs": [
          0.715047393364929,
          0.7008293838862559,
          0.7209715639810427
        ]
      },
      "0.05": {
        "mean": 0.6933254344391785,
        "std": 0.01781415167668865,
        "accs": [
          0.6700236966824644,
          0.6966824644549763,
          0.7132701421800948
        ]
      },
      "0.1": {
        "mean": 0.6536334913112164,
        "std": 0.024826602557838258,
        "accs": [
          0.6196682464454977,
          0.6629146919431279,
          0.6783175355450237
        ]
      }
    },
    "proxydelete": {
      "0.0": {
        "mean": 0.7160347551342812,
        "std": 0.006086506716991505,
        "accs": [
          0.715047393364929,
          0.7091232227488151,
          0.7239336492890995
        ]
      },
      "0.05": {
        "mean": 0.6881911532385466,
        "std": 0.021251915639552175,
        "accs": [
          0.6700236966824644,
          0.6765402843601895,
          0.7180094786729858
        ]
      },
      "0.1": {
        "mean": 0.6682464454976303,
        "std": 0.016846602497030936,
        "accs": [
          0.6451421800947867,
          0.6747630331753555,
          0.6848341232227488
        ]
      }
    }
  }
}