{
  "timestamp_utc": "2026-07-02T08:18:16.811199+00:00",
  "dataset": "cora",
  "split": "nettack",
  "attack": "Meta-Self",
  "attack_seed": 15,
  "seeds": [
    0,
    1,
    2
  ],
  "ptb": [
    0.05,
    0.1
  ],
  "jaccard_threshold": 0.01,
  "remove_budget": 253,
  "results": {
    "gcn": {
      "0.0": {
        "mean": 0.8350100603621731,
        "std": 0.0046284955539377375,
        "accs": [
          0.8380281690140845,
          0.8284708249496981,
          0.8385311871227364
        ]
      },
      "0.05": {
        "mean": 0.7704560697518444,
        "std": 0.005135275932633653,
        "accs": [
          0.7766599597585513,
          0.7640845070422535,
          0.7706237424547284
        ]
      },
      "0.1": {
        "mean": 0.7184775318578136,
        "std": 0.007188447723080524,
        "accs": [
          0.7183098591549296,
          0.709758551307847,
          0.727364185110664
        ]
      }
    },
    "dropedge": {
      "0.0": {
        "mean": 0.8316566063044937,
        "std": 0.006096465111568704,
        "accs": [
          0.8335010060362174,
          0.8234406438631791,
          0.8380281690140845
        ]
      },
      "0.05": {
        "mean": 0.7697853789403085,
        "std": 0.003989060111794214,
        "accs": [
          0.7751509054325956,
          0.7655935613682092,
          0.7686116700201208
        ]
      },
      "0.1": {
        "mean": 0.7139503688799463,
        "std": 0.008715755478448682,
        "accs": [
          0.7052313883299799,
          0.7107645875251509,
          0.7258551307847082
        ]
      }
    },
    "jaccard": {
      "0.0": {
        "mean": 0.8215962441314554,
        "std": 0.0039035703309264667,
        "accs": [
          0.8214285714285714,
          0.8169014084507042,
          0.8264587525150905
        ]
      },
      "0.05": {
        "mean": 0.7883970489604293,
        "std": 0.0027346590258718936,
        "accs": [
          0.7892354124748491,
          0.7847082494969819,
          0.7912474849094567
        ]
      },
      "0.1": {
        "mean": 0.744466800804829,
        "std": 0.0067611821440831735,
        "accs": [
          0.7489939637826962,
          0.7349094567404426,
          0.7494969818913481
        ]
      }
    },
    "fosr": {
      "0.0": {
        "mean": 0.8252850435949027,
        "std": 0.0013202561827652234,
        "accs": [
          0.8259557344064387,
          0.8264587525150905,
          0.8234406438631791
        ]
      },
      "0.05": {
        "mean": 0.7677733065057009,
        "std": 0.005984764687315467,
        "accs": [
          0.7701207243460765,
          0.7595573440643864,
          0.7736418511066399
        ]
      },
      "0.1": {
        "mean": 0.7095908786049632,
        "std": 0.005469318051743798,
        "accs": [
          0.7112676056338029,
          0.7022132796780685,
          0.7152917505030181
        ]
      }
    },
    "proxydelete": {
      "0.0": {
        "mean": 0.8259557344064387,
        "std": 0.0007113750313747878,
        "accs": [
          0.8254527162977867,
          0.8269617706237424,
          0.8254527162977867
        ]
      },
      "0.05": {
        "mean": 0.7671026156941649,
        "std": 0.005243627019152218,
        "accs": [
          0.772635814889336,
          0.7600603621730382,
          0.7686116700201208
        ]
      },
      "0.1": {
        "mean": 0.7168008048289739,
        "std": 0.00678608529337625,
        "accs": [
          0.7112676056338029,
          0.7127766599597586,
          0.7263581488933601
        ]
      }
    },
    "svd": {
      "0.0": {
        "mean": 0.7758215962441315,
        "std": 0.004113965173167417,
        "accs": [
          0.7706237424547284,
          0.7761569416498993,
          0.7806841046277666
        ]
      },
      "0.05": {
        "mean": 0.7719651240778002,
        "std": 0.001442375128612109,
        "accs": [
          0.7736418511066399,
          0.7721327967806841,
          0.7701207243460765
        ]
      },
      "0.1": {
        "mean": 0.7528504359490275,
        "std": 0.005956512296556502,
        "accs": [
          0.7600603621730382,
          0.7454728370221329,
          0.7530181086519114
        ]
      }
    }
  }
}