{
  "timestamp_utc": "2026-06-29T02:54:11.970479+00:00",
  "dataset": "cora",
  "split": "nettack",
  "attack": "Meta-Self",
  "attack_seed": 15,
  "seeds": [
    0,
    1,
    2
  ],
  "ptb": [
    0.05,
    0.1
  ],
  "jaccard_threshold": 0.01,
  "remove_budget": 643,
  "results": {
    "gcn": {
      "0.0": {
        "mean": 0.8350100603621731,
        "std": 0.0046284955539377375,
        "accs": [
          0.8380281690140845,
          0.8284708249496981,
          0.8385311871227364
        ]
      },
      "0.05": {
        "mean": 0.7704560697518444,
        "std": 0.005135275932633653,
        "accs": [
          0.7766599597585513,
          0.7640845070422535,
          0.7706237424547284
        ]
      },
      "0.1": {
        "mean": 0.7184775318578136,
        "std": 0.007188447723080524,
        "accs": [
          0.7183098591549296,
          0.709758551307847,
          0.727364185110664
        ]
      }
    },
    "dropedge": {
      "0.0": {
        "mean": 0.8165660630449363,
        "std": 0.0054693180517438374,
        "accs": [
          0.823943661971831,
          0.8108651911468813,
          0.8148893360160966
        ]
      },
      "0.05": {
        "mean": 0.7647551978537894,
        "std": 0.005200557484664909,
        "accs": [
          0.7671026156941649,
          0.7575452716297787,
          0.7696177062374245
        ]
      },
      "0.1": {
        "mean": 0.7087525150905433,
        "std": 0.0007113750313748402,
        "accs": [
          0.7077464788732394,
          0.7092555331991952,
          0.7092555331991952
        ]
      }
    },
    "jaccard": {
      "0.0": {
        "mean": 0.8215962441314554,
        "std": 0.0039035703309264667,
        "accs": [
          0.8214285714285714,
          0.8169014084507042,
          0.8264587525150905
        ]
      },
      "0.05": {
        "mean": 0.7883970489604293,
        "std": 0.0027346590258718936,
        "accs": [
          0.7892354124748491,
          0.7847082494969819,
          0.7912474849094567
        ]
      },
      "0.1": {
        "mean": 0.744466800804829,
        "std": 0.0067611821440831735,
        "accs": [
          0.7489939637826962,
          0.7349094567404426,
          0.7494969818913481
        ]
      }
    },
    "fosr": {
      "0.0": {
        "mean": 0.8226022803487592,
        "std": 0.0004742500209165078,
        "accs": [
          0.8229376257545271,
          0.8229376257545271,
          0.8219315895372233
        ]
      },
      "0.05": {
        "mean": 0.7632461435278337,
        "std": 0.001442375128612109,
        "accs": [
          0.7650905432595574,
          0.761569416498994,
          0.7630784708249497
        ]
      },
      "0.1": {
        "mean": 0.698859825620389,
        "std": 0.004195169685847352,
        "accs": [
          0.6966800804828974,
          0.704728370221328,
          0.6951710261569416
        ]
      }
    },
    "proxydelete": {
      "0.0": {
        "mean": 0.8202548625083836,
        "std": 0.001659875073207856,
        "accs": [
          0.8214285714285714,
          0.8214285714285714,
          0.817907444668008
        ]
      },
      "0.05": {
        "mean": 0.7689470154258887,
        "std": 0.004795556554686502,
        "accs": [
          0.7701207243460765,
          0.7625754527162978,
          0.7741448692152918
        ]
      },
      "0.1": {
        "mean": 0.7127766599597586,
        "std": 0.00793217717807841,
        "accs": [
          0.7107645875251509,
          0.704225352112676,
          0.7233400402414487
        ]
      }
    }
  }
}