{
  "ptb": 0.05,
  "budget": 253,
  "gaps": {
    "clean": 0.004784004810517976,
    "poisoned": 0.016381336612187544,
    "fosr": 0.054008562407780444,
    "proxydelete": 1.762803662801537e-05,
    "dropedge": -2.3028381927474776e-15,
    "jaccard": -1.293661276276941e-14
  },
  "robust": {
    "gcn": 0.7704560697518444,
    "fosr": 0.7677733065057009,
    "proxydelete": 0.7671026156941649,
    "dropedge": 0.7697853789403085,
    "jaccard": 0.7883970489604293
  }
}